mean_fit_time,std_fit_time,mean_score_time,std_score_time,param_criterion,param_max_depth,param_max_features,param_max_samples,param_min_samples_leaf,param_min_samples_split,param_n_estimators,params,split0_test_score,split1_test_score,split2_test_score,split3_test_score,split4_test_score,mean_test_score,std_test_score,rank_test_score,dataset,brier_score
15.201168870925903,0.1070040216084527,1.021251344680786,0.09854261883267297,entropy,,sqrt,,2,10,1469,"{'criterion': 'entropy', 'max_depth': None, 'max_features': 'sqrt', 'max_samples': None, 'min_samples_leaf': 2, 'min_samples_split': 10, 'n_estimators': 1469}",-0.1799335471285292,-0.18484172011935177,-0.19024417694531542,-0.1839236809207608,-0.1902677917237748,-0.1858421833675464,0.003963763800626278,1,Bank,0.18471559600566623
0.792034912109375,0.03511946449813472,0.06160717010498047,0.015635013769666858,entropy,20,0.33,0.7,3,8,243,"{'criterion': 'entropy', 'max_depth': 20, 'max_features': 0.33, 'max_samples': 0.7, 'min_samples_leaf': 3, 'min_samples_split': 8, 'n_estimators': 243}",-0.16021767134856232,-0.16119430123535256,-0.14341807358764289,-0.14634627005221332,-0.15292060732160864,-0.15281938470907594,0.00714380825893672,1,Gym,0.17699533757920646
2.029570198059082,0.038052343068761166,0.14463205337524415,0.02316603423969385,log_loss,10,sqrt,,5,10,1019,"{'criterion': 'log_loss', 'max_depth': 10, 'max_features': 'sqrt', 'max_samples': None, 'min_samples_leaf': 5, 'min_samples_split': 10, 'n_estimators': 1019}",-0.10034183504882549,-0.12746634292927875,-0.12280311211974944,-0.13166169764035401,-0.15986858313230953,-0.12842831417410344,0.019080691168230843,1,Heart Disease,0.10810369346174699
1.5844514846801758,0.06878885664964711,0.13090934753417968,0.027908477358891414,log_loss,10,sqrt,0.9,1,3,741,"{'criterion': 'log_loss', 'max_depth': 10, 'max_features': 'sqrt', 'max_samples': 0.9, 'min_samples_leaf': 1, 'min_samples_split': 3, 'n_estimators': 741}",-0.11305899956014318,-0.11564486605593931,-0.09111282669642777,-0.10755329481466383,-0.12032020431899271,-0.10953803828923336,0.01009329724952414,1,Titanic,0.14975590855325607
