mean_fit_time,std_fit_time,mean_score_time,std_score_time,param_criterion,param_max_depth,param_max_features,param_max_samples,param_min_samples_leaf,param_min_samples_split,param_n_estimators,params,split0_test_score,split1_test_score,split2_test_score,split3_test_score,split4_test_score,mean_test_score,std_test_score,rank_test_score,dataset,brier_score
12.049082851409912,0.3705418298350912,0.5662055969238281,0.04394333225600848,entropy,,sqrt,,2,10,1469,"{'criterion': 'entropy', 'max_depth': None, 'max_features': 'sqrt', 'max_samples': None, 'min_samples_leaf': 2, 'min_samples_split': 10, 'n_estimators': 1469}",-0.17993354712852916,-0.18484172011935177,-0.19024417694531542,-0.1839236809207608,-0.1902677917237748,-0.1858421833675464,0.003963763800626287,1,Bank,0.18471559600566623
0.669704532623291,0.014510650036807494,0.053182029724121095,0.007850278704917292,entropy,20,0.33,0.7,3,8,243,"{'criterion': 'entropy', 'max_depth': 20, 'max_features': 0.33, 'max_samples': 0.7, 'min_samples_leaf': 3, 'min_samples_split': 8, 'n_estimators': 243}",-0.16021767134856232,-0.16119430123535256,-0.14341807358764286,-0.14634627005221332,-0.15292060732160867,-0.1528193847090759,0.007143808258936726,1,Gym,0.17699533757920646
1.304645299911499,0.04288628540706794,0.08989443778991699,0.004650859675987949,log_loss,10,sqrt,0.7,4,7,799,"{'criterion': 'log_loss', 'max_depth': 10, 'max_features': 'sqrt', 'max_samples': 0.7, 'min_samples_leaf': 4, 'min_samples_split': 7, 'n_estimators': 799}",-0.09962204032592324,-0.12742868834091967,-0.12358915656563446,-0.13223129623010113,-0.15923681110918736,-0.12842159851435317,0.019067480387294007,1,Heart Disease,0.1076035974331696
1.2708050727844238,0.008541558794633785,0.1158724308013916,0.012022557609835852,log_loss,10,sqrt,0.9,1,3,741,"{'criterion': 'log_loss', 'max_depth': 10, 'max_features': 'sqrt', 'max_samples': 0.9, 'min_samples_leaf': 1, 'min_samples_split': 3, 'n_estimators': 741}",-0.11305899956014318,-0.11564486605593931,-0.09111282669642777,-0.10755329481466383,-0.12032020431899271,-0.10953803828923336,0.01009329724952414,1,Titanic,0.14975590855325607
