mean_fit_time,std_fit_time,mean_score_time,std_score_time,param_criterion,param_max_depth,param_max_features,param_min_samples_leaf,param_min_samples_split,param_n_estimators,params,split0_test_score,split1_test_score,split2_test_score,split3_test_score,split4_test_score,mean_test_score,std_test_score,rank_test_score,dataset,brier_score
12.623187065124512,1.0363833980076256,0.5536268711090088,0.059070123697765486,entropy,,0.33,3,18,739,"{'criterion': 'entropy', 'max_depth': None, 'max_features': 0.33, 'min_samples_leaf': 3, 'min_samples_split': 18, 'n_estimators': 739}",-0.17976495730174286,-0.18468964625501358,-0.18996916814471748,-0.18481453582957166,-0.19068378461858695,-0.1859844184299265,0.00399221817723383,1,Bank,0.18511626790929042
3.4652410984039306,0.18744162767438638,0.1937535285949707,0.057234023088943375,entropy,15,0.33,3,2,838,"{'criterion': 'entropy', 'max_depth': 15, 'max_features': 0.33, 'min_samples_leaf': 3, 'min_samples_split': 2, 'n_estimators': 838}",-0.16029278972703118,-0.16077402456244272,-0.14523755134333755,-0.1463635544685184,-0.15409170721398843,-0.15335192546306367,0.006610458763552021,1,Gym,0.17912787486528936
2.1146688938140867,0.09197129258387668,0.17137913703918456,0.0373085041303546,log_loss,15,sqrt,5,7,895,"{'criterion': 'log_loss', 'max_depth': 15, 'max_features': 'sqrt', 'min_samples_leaf': 5, 'min_samples_split': 7, 'n_estimators': 895}",-0.10027192556669587,-0.12731524408351877,-0.12253057695072049,-0.131587499341979,-0.15997450206725528,-0.1283359496020339,0.01915152325136608,1,Heart Disease,0.10842959073575012
1.6537977695465087,0.04098660181732995,0.1361295223236084,0.028898566921505303,log_loss,15,0.5,1,6,615,"{'criterion': 'log_loss', 'max_depth': 15, 'max_features': 0.5, 'min_samples_leaf': 1, 'min_samples_split': 6, 'n_estimators': 615}",-0.11178650698503308,-0.11539393823421765,-0.08991780245067005,-0.10677780251941142,-0.12163669602327579,-0.10910254924252161,0.010745687478462995,1,Titanic,0.15054758364014129
